"","A22893C","A22910G","A23535G","A23579G","C22995A","C22995G","C23123T","G22813T","G22895C","G22898A","G22927T","G23401T","T22896C","T22917G","T22928C","T22930A","T22942A","T22942G","T23018C","T23018G","T23019C","T23031C","T23075C"
"A22893C",1,0,0,0,0.999505684626792,0,0,0.478497281265447,0,0.152249134948097,0.00148294611962432,0.0222441917943648,0.000988630746416213,0.999505684626792,0.00148294611962432,0,0.820069204152249,0.154720711814137,0,0.84330202669303,0.151754819574889,0.000494315373208107,0.99209095402867
"A22910G",0,1,0,0,1,0,0,0.795918367346939,0.0612244897959184,0.183673469387755,0,0,0,0.653061224489796,0,0,0.0612244897959184,0.336734693877551,0.0612244897959184,0.591836734693878,0.0714285714285714,0.112244897959184,0.989795918367347
"A23535G",0,0,1,0,1,0,0,0.823529411764706,0,0,0,0,0,0.993464052287582,0,0,0,0.222222222222222,0,1,0,0,1
"A23579G",0,0,0,1,1,0,0,0.391304347826087,0.991304347826087,1,0,0,0.991304347826087,0,0,0,0,1,0.0173913043478261,0,0.991304347826087,1,0.991304347826087
"C22995A",0.256111462951235,0.0124129195693477,0.0193793540215326,0.0145661811272958,1,0,0.00823305889803673,0.734895503483217,0.202913236225459,0.286003799873338,0.0138062064597847,0.0212792906903103,0.204939835338822,0.74743508549715,0.00810639645345155,0.0269791006966434,0.216086130462318,0.2948701709943,0.191766941101963,0.699810006333122,0.257631412286257,0.235085497150095,0.988093730208993
"C22995G",0,0,0,0,0,1,0.16,0.971428571428571,0.971428571428571,0.971428571428571,0.00571428571428571,0.0285714285714286,0.971428571428571,0.0114285714285714,0.08,0.08,0,0.971428571428571,0.982857142857143,0.0114285714285714,0.982857142857143,0.982857142857143,0.994285714285714
"C23123T",0,0,0,0,0.691489361702128,0.297872340425532,1,0.851063829787234,0.946808510638298,0.946808510638298,0,0,0.946808510638298,0,0,0,0,0.946808510638298,1,0,1,1,1
"G22813T",0.161656646626587,0.0130260521042084,0.0210420841683367,0.00751503006012024,0.968937875751503,0.0283901135604542,0.0133600534402138,1,0.212090848363393,0.256680026720107,0.01937207748831,0.0188710754843019,0.212591850367401,0.759853039412158,0.0140280561122244,0.0379091516366065,0.141616566466266,0.262859051436206,0.205911823647295,0.730460921843687,0.242317969271877,0.22812291249165,0.994321977287909
"G22895C",0,0.00336322869955157,0,0.0639013452914798,0.897982062780269,0.0952914798206278,0.0498878923766816,0.711883408071749,1,0.999439461883408,0.062219730941704,0.0689461883408072,0.996076233183857,0.0112107623318386,0.0454035874439462,0.127242152466368,0.00336322869955157,0.996076233183857,0.907511210762332,0.000560538116591928,0.99719730941704,0.995515695067265,0.997757847533632
"G22898A",0.126229508196721,0.00737704918032787,0,0.0471311475409836,0.925409836065574,0.069672131147541,0.0364754098360656,0.629918032786885,0.730737704918033,1,0.0471311475409836,0.0581967213114754,0.728688524590164,0.157786885245902,0.0344262295081967,0.0930327868852459,0.00245901639344262,0.994672131147541,0.684836065573771,0,0.896311475409836,0.82827868852459,0.99672131147541
"G22927T",0.0258620689655172,0,0,0,0.939655172413793,0.00862068965517241,0,1,0.956896551724138,0.991379310344828,1,0,0.956896551724138,0.0258620689655172,0.353448275862069,0.612068965517241,0,0.982758620689655,0.956896551724138,0,0.982758620689655,0.956896551724138,1
"G23401T",0.260115606936416,0,0,0,0.971098265895954,0.0289017341040462,0,0.653179190751445,0.710982658959538,0.820809248554913,0,1,0.728323699421965,0.277456647398844,0,0,0.15606936416185,0.820809248554913,0.722543352601156,0.173410404624277,0.826589595375723,0.722543352601156,1
"T22896C",0.00111111111111111,0,0,0.0633333333333333,0.898888888888889,0.0944444444444444,0.0494444444444444,0.707222222222222,0.987222222222222,0.987777777777778,0.0616666666666667,0.07,1,0.0183333333333333,0.045,0.126111111111111,0.00166666666666667,0.987777777777778,0.896666666666667,0.0111111111111111,0.985555555555556,0.988333333333333,0.997777777777778
"T22917G",0.342479674796748,0.010840108401084,0.0257452574525745,0,0.999491869918699,0.000338753387533875,0,0.770663956639566,0.00338753387533875,0.065210027100271,0.000508130081300813,0.00813008130081301,0.00558943089430894,1,0.000508130081300813,0.00220189701897019,0.288956639566396,0.0745257452574526,0.00474254742547425,0.930894308943089,0.0611449864498645,0.00237127371273713,0.986449864498645
"T22928C",0.0357142857142857,0,0,0,0.761904761904762,0.166666666666667,0,1,0.964285714285714,1,0.488095238095238,0,0.964285714285714,0.0357142857142857,1,0,0,1,0.964285714285714,0,1,0.964285714285714,1
"T22930A",0,0,0,0,0.938325991189427,0.0616740088105727,0,1,1,1,0.312775330396476,0,1,0.0572687224669604,0,1,0,1,1,0,1,1,1
"T22942A",0.971880492091388,0.00351493848857645,0,0,0.999414176918571,0,0,0.496777973052138,0.00351493848857645,0.00351493848857645,0,0.015817223198594,0.00175746924428822,0.999414176918571,0,0,1,0,0.00351493848857645,0.991212653778559,0.00351493848857645,0.000585823081429408,0.991212653778559
"T22942G",0.124701195219124,0.0131474103585657,0.0135458167330677,0.0458167330677291,0.927490039840637,0.0677290836653386,0.0354581673306773,0.627091633466136,0.70796812749004,0.966932270916335,0.0454183266932271,0.0565737051792829,0.708366533864542,0.175298804780877,0.0334661354581673,0.0904382470119522,0,1,0.663745019920319,0.0239043824701195,0.869322709163347,0.805577689243028,0.996812749003984
"T23018C",0,0.00353356890459364,0,0.00117785630153121,0.891637220259128,0.101295641931684,0.055359246171967,0.726148409893993,0.953474676089517,0.984098939929329,0.0653710247349823,0.0736160188457008,0.950530035335689,0.016489988221437,0.0477031802120141,0.133686690223793,0.00353356890459364,0.981154299175501,1,0,0.998822143698469,0.989399293286219,0.998822143698469
"T23018G",0.30866654604668,0.0104939388456667,0.0276822869549484,0,0.999638140039805,0.000361859960195404,0,0.791387732947349,0.000180929980097702,0,0,0.00542789940293107,0.00361859960195404,0.994391170616971,0,0,0.306133526325312,0.0108557988058621,0,1,0.000723719920390809,0,0.985163741631988
"T23019C",0.138412984670875,0.00315599639314698,0,0.0513976555455365,0.917042380522994,0.0775473399458972,0.042380522993688,0.65419296663661,0.802073940486925,0.986023444544635,0.0513976555455365,0.0644724977457169,0.799819657348963,0.162759242560866,0.0378719567177637,0.102344454463481,0.00270513976555455,0.983769161406673,0.764652840396754,0.0018034265103697,1,0.833633904418395,0.997745716862038
"T23031C",0.000490196078431373,0.0053921568627451,0,0.0563725490196078,0.909803921568627,0.0843137254901961,0.046078431372549,0.669607843137255,0.870588235294118,0.990686274509804,0.0544117647058824,0.0612745098039216,0.872058823529412,0.00686274509803922,0.0397058823529412,0.111274509803922,0.000490196078431373,0.991176470588235,0.823529411764706,0,0.906372549019608,1,0.997058823529412
"T23075C",0.251251877816725,0.0121432148222334,0.0191537305958938,0.014271407110666,0.976589884827241,0.0217826740110165,0.0117676514772158,0.745368052078117,0.222834251377066,0.304456685027541,0.014521782674011,0.021657486229344,0.224837255883826,0.729093640460691,0.0105157736604907,0.0284176264396595,0.211817726589885,0.313219829744617,0.212318477716575,0.68164747120681,0.277040560841262,0.254631947921883,1
